1,Karleigh B. Joyce,46,Male,kanpur,TL,9389365316,H3Z 1Y3,9DB6E40D-C859-1C23-63EE-DE8C2CEB3915
2,Maggie A. Payne,53,Male,Hydrabad,TN,9548793137,V9J 3W0,41910A9B-C379-669F-EFE4-018110989DCB
3,Alyssa N. Berg,35,Female,Kota,TL,9648256607,B4O 1T7,5AE4B497-88C5-82C5-8E0B-B4DD05D1E806
4,Xavier Peterson,48,Male,kanpur,WB,9561935958,E3P 5U7,3786D189-B5BC-8456-EC1B-709F4B53870B
5,Ava Marsh,25,Female,Chennai,TL,9711257433,Z7X 1H4,FEF81C7D-2C2E-EE7D-8C47-7869CA0D9C68
6,Colby Garrison,28,Male,kanpur,GJ,9570872345,R4O 8U2,A3B30DBB-20DC-129B-2F2E-246E516AC8E8
7,Rudyard C. Burks,33,Female,kanpur,RJ,9506412011,E4S 9J0,648656BA-B0CB-A937-AC8E-7A8C2E50225E
8,Nelle Burns,51,Female,Surat,WB,9706447297,K5J 5A8,F407E86F-E9D8-E54F-08D9-C9BD49023C82
9,Xena Kline,43,Female,Delhi,UP,9504887364,P8R 9D3,9D74D343-EDFF-CC83-3072-49187837FBBB
10,Cora Q. Gray,50,Female,Jaipur,GJ,9513815590,M4Z 1F6,6301EB9E-F000-42F6-E721-13407CD2545B
11,Giacomo Donaldson,34,Female,Delhi,UP,9647113373,L8P 9N1,6BFEF9A3-9A68-0EA3-95DD-9461B6F8F1BD
12,Gregory Z. Woods,44,Male,Jaipur,TL,9511317340,F8W 5L5,981C57FC-E050-EA0A-828E-D5B80C48A446
13,Sean O. Howard,56,Female,Surat,TN,9608030926,V1R 6S5,4E7BE521-C6D6-22FC-02E9-C29692F01252
14,Nadine I. Webb,36,Male,Chennai,UP,9670656826,V6Y 0Z5,DFF31A92-2E3D-7070-9AB7-571778752F7E
15,Harlan Whitley,35,Male,Jaipur,UP,9510368356,E1F 1A1,7C872484-61EE-6674-8F88-C2528A1728D3
16,Allen Dudley,55,Female,Jaipur,TN,9166885697,J1R 0O8,095CE8A5-4E55-DF37-9080-A8ADD6A80435
17,Jillian K. Hawkins,51,Male,Delhi,TL,9557109945,X9A 2O9,7B0D2ADE-5C75-BBA4-91EE-8D313D28BCBA
18,Daphne S. Shields,30,Female,Kota,WB,9614819668,F3B 5H1,1E04225E-6BF9-282E-FC28-D5AA0765A4F6
19,Indigo Franks,37,Female,Surat,TN,9527606401,D0A 5N3,810CA4A7-07E4-37A4-C83C-F76E3B99A342
20,Giacomo Colon,25,Male,kanpur,UP,9564099341,Z5X 8H2,252E6BDC-9666-CB70-2B0F-597BCD70876B
21,Heather Y. Campos,34,Male,Jaipur,TN,9619321423,Z6Z 9K6,74E05BDC-0E7D-469E-716E-9BBDD157EB71
22,Dieter Drake,59,Female,Chennai,GJ,9570926133,E2K 6W3,29968A97-1EE6-F939-D365-E43D4176BFD5
23,Tatum I. Duke,47,Male,Jaipur,WB,9620806980,K5O 1Q6,23A2EF91-3E90-5E72-7A22-A275D83AF2E1
24,Brett Lawrence,57,Male,Kolkata,GJ,9463643064,F8E 5K6,E2B43657-1A33-2174-14A9-20FF674E0CF7
25,Lacey Nielsen,34,Female,Kolkata,TL,9577457633,J4X 3I3,DD0A0828-5677-FBAA-A945-5C9319C478B3
26,Chaney Colon,31,Female,Kolkata,GJ,9712875820,P7W 5I5,05AFA734-AD8E-A89C-1692-4CE2805E31E9
27,Kevin Turner,46,Female,Kolkata,UP,9336253838,Z5P 1S7,02A7AE75-6C69-CE69-1172-2B37E71DA912
28,Oliver Franks,40,Male,Chennai,UP,9658159263,U4D 4Y4,B16580B6-858D-853F-050C-41B206650F55
29,Amethyst Neal,42,Female,Hydrabad,GJ,9684333070,V8Q 1C0,1B13F4CD-4FFD-D787-9869-8D23145385DF
30,Chase Wiley,50,Female,Jaipur,RJ,9721511969,J3W 0H5,C2258886-C507-C955-C317-AEE874A63D19
31,Germane Pope,57,Female,Kota,WB,9786486581,A5X 2X5,50BC54BE-03A3-EB8B-5E54-F391BDA7857F
32,Kelsey Santana,36,Female,Hydrabad,TN,9721790347,E7J 7Y7,99F2B678-9E25-1602-FDC7-146E9D77B9E4
33,Deacon D. Giles,41,Male,Jaipur,TL,9576090162,F2J 7J4,29A5D6A2-2AEF-ACB4-6031-77DF07408088
34,Anjolie Guerra,36,Female,Delhi,RJ,9614037786,O3M 0J4,420FBD83-2291-0C02-F262-BE3E87299440
35,Yolanda T. Harding,40,Male,Chennai,TN,9496300671,Q7W 5R8,32D34312-39DF-231D-F938-387954DB9ABC
36,Silas Brown,48,Female,Jaipur,GJ,9411551255,X4K 2Y1,FD7B950C-B599-869C-C730-62FC03946EF3
37,Hu Mendez,55,Female,Delhi,TL,9552308461,O1T 0T3,33A54640-CF2E-F667-00FD-E736692E0FA7
38,Dale U. Tillman,29,Male,Kota,TL,9560748110,A8I 5I3,3473A1A3-CCF5-C896-9A66-F4760CEBEF81
39,Kiayada S. Fitzgerald,54,Male,Jaipur,WB,9616032560,F6K 6L0,06134EEE-ABF5-9BFB-7820-6A0F18F127A5
40,Anthony G. Santiago,50,Male,Chennai,RJ,9593599430,V9J 4W3,71AC0A43-F0E5-ECC5-3F6F-F3D9D2B2AB37
41,Ora S. Padilla,32,Female,kanpur,WB,9685011827,S3E 9T9,7F858208-F7E3-83DF-25CD-DCB0333410D0
42,Scarlett Buckner,58,Female,kanpur,WB,9654452820,G7R 0B7,EC0A2B7D-01D4-9F01-F28F-1093E9545587
43,Wilma Y. Newton,34,Female,Delhi,TN,9484411680,Q9Y 5E4,AA4321E4-BADE-06DE-4CC9-04DC8E44076B
44,Alana Byers,26,Male,Kota,UP,9392731598,B7X 9B7,D3B8D909-F085-C808-8C4F-94B5958DE93B
45,Imogene T. Hubbard,48,Female,Hydrabad,RJ,9684267682,B2T 5A6,EEFB016D-6EEC-2C3D-EE3F-6B7D2203D4A3
46,Deacon Moreno,39,Male,Kota,UP,9567991577,Z5R 7Q1,2C3DDC7A-BBE1-D82E-EC6D-7C5B842762CC
47,Holmes T. Bolton,54,Male,Surat,WB,9754589855,W1F 1G3,AB77FB7A-D6EA-A1C1-2AC6-0DF1AB1D3AF3
48,Lois U. Andrews,42,Female,Surat,TL,9611572201,E2Q 6J5,CAB454F0-275D-8AE3-31EB-5631EA038087
49,Allegra Savage,56,Male,Delhi,RJ,9697532693,T4I 4G9,D61DFC01-A31C-4D98-B070-0C9D1E5B0EDB
50,Demetria X. Ray,52,Male,Surat,TN,9354281747,J0D 6M7,B72701AB-1130-C55A-8A78-ACFC57E94A4D
51,Patricia P. Pennington,39,Male,kanpur,GJ,9584845021,A1V 1V2,BB4F0B3B-3545-9B90-D8F0-DC8A8DFFA85D
52,Porter E. Sloan,57,Female,Surat,GJ,9417196325,M5J 8A9,8BEE06C4-C6D4-04D4-F33D-5B50A9686F4D
53,Kevyn L. Crane,39,Male,Kolkata,TN,9324489994,B5K 4T1,E0564E9E-437F-C928-2B23-25C9BC646A60
54,Bert K. Greene,41,Male,kanpur,WB,9761036489,W4M 4Q0,F56B042C-4164-5559-D1A1-37DE8EE428EB
55,Martina K. Phelps,35,Female,Hydrabad,UP,9560858237,T8X 0J7,42E78F1B-C8AF-E943-04EB-AB04FDF9496F
56,Noah O. Vazquez,60,Female,Surat,RJ,9611405641,H7I 6Q2,B9FB793D-3D51-E260-6A21-A22AFF18C477
57,Leo Conner,32,Female,Hydrabad,GJ,9772718517,J4A 1M0,B8508F0F-6E64-E26E-AE79-49BAD39589D8
58,Rajah Lowery,40,Male,Hydrabad,RJ,9720218065,J1D 8E4,34D2AF0C-808D-AFB4-ADAD-B0E866E309A2
59,Brady X. Herman,25,Male,Chennai,GJ,9442602105,L0B 3J4,F1EA27FF-929F-3E32-153C-9EABBF5771FE
60,Demetrius Stein,25,Male,kanpur,TL,9514249106,G0B 6K2,6D4515FA-8F75-9549-33C4-7DF1243893D2
61,Lillith Castillo,39,Female,Jaipur,RJ,9523284102,A7G 2E8,1E01CFD4-E833-3991-5316-EF59F0C0D854
62,Claire Emerson,50,Female,Surat,TN,9547362260,B4E 5Y6,99F5A68E-B1E5-959F-64DE-BEF90CF263CB
63,Lester Kemp,28,Female,Jaipur,RJ,9695152320,N5H 6W4,A9F1FD43-435A-7E0E-3F47-A093C5707D43
64,Solomon David,39,Male,Delhi,WB,9685195682,H8G 3X5,D82DE137-E051-47EF-6283-50C125CDC987
65,Cassady Morales,27,Female,Kota,GJ,9747231409,I5C 2P9,81F8DF57-D9BA-BEF1-1F27-AB11EFBEE2BA
66,Breanna U. Rich,56,Male,Kota,RJ,9616605048,U0H 2U8,6D0ADDD4-6648-A6BA-7130-EADBBDD9FFFF
67,Stephen Mann,58,Female,Surat,UP,9330617824,H7S 8O0,8012C0A9-EDAB-1E8F-8940-8F2F696BFF11
68,Carl E. Richmond,56,Female,Kolkata,GJ,9589818879,Z7R 8T5,59B77B4C-5D9E-C007-127D-B63E23CD1259
69,Harlan Stanton,54,Male,Delhi,TL,9383387911,S2S 3C4,0D5B0F27-33EB-E554-3D88-B8AA1929DAE6
70,Dolan Brady,26,Female,Kolkata,TL,9684364296,E8Q 0E4,036AF5C1-7DBD-744F-EBB8-0F95CC4FC78F
71,Lionel O. Obrien,36,Male,Kolkata,TL,9592829666,O5D 6Z9,619FC002-2507-AF12-AE34-FE33C4ABB96F
72,Wang Stafford,47,Male,Hydrabad,UP,9439587486,Z5W 1U6,026A5794-DD0C-5304-09B2-62D4ECBEB5B9
73,Preston Y. Cook,58,Female,Delhi,TN,9586615737,A2A 2J6,3F0B1AFD-1860-3213-25AB-741470E8F4F3
74,Ashely M. Garrison,47,Male,Delhi,TL,9474186726,R9U 8Z1,D3878554-C3B9-67E0-12E7-74577CCBD45B
75,Byron Doyle,30,Female,Hydrabad,RJ,9569146316,E3N 1O0,01C4742A-54A0-F95A-DE0F-362EBB02D69E
76,Colby Z. Alexander,44,Male,Chennai,TL,9645871492,W1K 8C4,DF798DD0-2E7A-2BF7-8661-E3E049C0BCB4
77,Eve J. Hudson,34,Female,Surat,GJ,9523757547,O1R 2T2,7C29CA2F-A35B-05BE-D27A-4E0318BD2573
78,Jenna K. Harmon,58,Female,Kota,UP,9360578989,A4L 1O9,16B4B78E-D314-9C6A-BC6B-110BBA554B46
79,Wyoming E. Weber,45,Female,Surat,TN,9716204318,A4M 1G7,D25CD9A1-75C0-BAE6-1CC1-4FCC144236B7
80,Leonard Hendrix,46,Female,kanpur,WB,9685527790,V6S 5D0,B69D5256-9890-3CC9-F58B-D571C3EB5D92
81,Ray Q. Middleton,55,Female,Delhi,GJ,9652941825,X7G 5Q2,096D2510-F971-A214-74CB-A512D6BD301D
82,Marcia L. Patrick,40,Male,Jaipur,TN,9320852654,R5T 6R0,0BECB31A-3476-55D3-20C9-44EAB7A9D8BB
83,Carlos W. Benson,52,Female,Kolkata,WB,9723656849,Z0D 3V7,C7310795-CBC1-40FF-D550-82EE9B103884
84,Lance House,52,Female,Kolkata,GJ,9665163507,K9M 2P8,811721E6-C866-AABD-7EB7-157B66A47693
85,Gray Y. Cameron,51,Male,Jaipur,GJ,9489439664,K7U 3R3,1C40479D-B772-7BA3-C7E8-03672AF8FE4E
86,Tobias Holland,45,Female,Jaipur,WB,9496294780,Z5I 9T8,2989529D-4C2B-6FE4-5E6C-086B58C177E8
87,George Bolton,42,Male,kanpur,WB,9697220983,Z9I 0Y5,D34F4124-B4A8-CBC2-139F-C1E2EC3EAAA3
88,Gay Blake,36,Male,Chennai,UP,9752900705,M3N 3D3,DA1849EF-7CEB-AC9E-9C25-1EBF354AD337
89,Pamela K. Simpson,60,Female,Kota,GJ,9537500225,W5V 0D5,845D3E03-3D9D-507E-85A6-8A101DAD80AE
90,Desirae Brennan,34,Female,Hydrabad,RJ,9794819539,I1F 9T4,A389EEBA-AB98-DCC1-7A63-09BB3D8B5159
91,Trevor H. Padilla,52,Male,Kota,TN,9581613615,F9J 2A6,A08C9B74-FD7E-B7DB-3467-7CEFCD74EBA1
92,Lacota Lee,28,Female,Kota,WB,9613011338,H5P 5O8,8EF59317-979F-E038-A0D8-EE66B0345349
93,Brody Tyler,50,Female,Chennai,UP,9583840142,U7K 0A3,1116DB84-0456-06FD-878D-DCDC36DFF7F4
94,Erich Miles,55,Female,Delhi,WB,9523872653,T2U 6Y5,E4967D86-E5BE-9145-1983-4752383D8DD0
95,Calista Bernard,57,Female,kanpur,TN,9564453839,G1J 9X2,04521324-FD51-EAAA-09ED-C4E5769F11CA
96,Acton Y. Miles,27,Female,Chennai,GJ,9315115254,A4X 1C2,89407731-FA97-126C-9169-5B701C328017
97,Ima D. Mcmillan,56,Male,Delhi,UP,9488877094,N2H 0B8,EE13F41C-67DF-29BC-E59A-34423384F9AA
98,Alfonso Roman,55,Female,Kolkata,UP,9538731020,S8K 9O7,8C65F3E7-9E1B-220E-AC89-C1537F52BB14
99,Oliver Mcclain,60,Female,kanpur,WB,9675931214,Y5V 7M8,017F1273-ECE1-92E9-7228-DE7C8E9CB627
100,Faith Cline,39,Female,Jaipur,RJ,9593025330,F3Z 7Y7,57435AD3-FDB8-1BFD-491F-AC26A95D18BA
101,Harding M. Melendez,34,Female,Kota,WB,9480543137,Y6I 4T5,DC3994DE-B875-3399-B6C0-1FA44A72B2F1
102,Latifah Shannon,39,Male,Kota,UP,9403860641,Z0G 5E6,68CF4822-D806-1AF6-9712-B5F70BE06433
103,Fletcher Wilcox,60,Female,Jaipur,GJ,9841200031,T4P 2A8,178C8F1C-6417-8454-5387-CFF0F0F31AFE
104,Laurel Farley,50,Male,Chennai,TL,9547178473,P2H 5X9,97760902-7867-DE49-F792-612512CA575A
105,Madaline Holden,47,Female,Delhi,WB,9627700310,I2S 2F9,DC5E45BD-BA80-6ECF-818D-456ADB232725
106,Adria F. Love,42,Male,Kota,UP,9502719315,I5A 9X6,7BF0A4D6-83A4-9D95-9E64-655BA5694DA7
107,Lacey R. Cochran,29,Female,kanpur,TL,9502472116,H4U 4Y5,20201FA3-6242-CF57-5199-8AE6E53BE6D7
108,Kareem O. Landry,37,Female,Jaipur,GJ,9466169234,X4X 9S4,F86F1695-2269-AFA0-A555-774474A5C479
109,Wynne D. Boyer,52,Male,Kota,RJ,9470546911,E9E 7C3,D0DC9C5D-4BA5-CD24-149E-A1C967BC9F78
110,Cadman Contreras,47,Female,Delhi,TN,9557662452,O4M 1E4,DE8A4EE9-7E8B-E4CC-F16E-2AEB401EADC2
111,Dustin E. Mathews,44,Female,Jaipur,RJ,9415703619,F7J 3M4,DDE35E7A-0768-240C-B2D1-58D8905E8FD4
112,Adena N. Lambert,60,Female,Jaipur,TN,9575642418,R4U 9K7,AB6D0B90-2F9E-E91D-B910-A45626A608D9
113,Solomon Gilmore,27,Male,Kolkata,TL,9640135598,L6P 2D1,7723271D-4150-4E27-7B9A-0920FCD2A260
114,Melvin S. Henry,31,Male,Delhi,RJ,9628872065,H3F 4R6,1CA33D7B-6858-C7AF-B9F1-23954A7A9882
115,Keane Carroll,26,Female,Hydrabad,RJ,9554904615,C5X 0T8,D6676D31-C17E-0E88-CC31-02A8E97F8C77
116,Lester G. Durham,37,Male,Hydrabad,TL,9415963690,F2W 6W3,03BC4E1D-8FCD-2632-5092-BF5FA48673A3
117,Sebastian Strickland,51,Female,Kota,UP,9541639734,N0H 7V9,0BA67426-D983-2082-F376-6A7D12DFD544
118,Jordan Mcconnell,34,Female,Hydrabad,TN,9792986510,V2Y 1L8,082E346C-D1B5-05F4-7A62-1D8A0EDB0F2E
119,Melanie Johnston,30,Male,Kolkata,TL,9411947540,N3O 5Z8,AC347B0C-ADAD-807E-FBE8-CAF876ADABC7
120,Basia Fowler,35,Male,Surat,RJ,9615621115,E3W 1R1,0BE3502D-1140-919B-2D36-41359636B7CC
121,Madaline Kerr,58,Male,Surat,UP,9651425105,S0Y 4J6,2B2D9C43-386B-19A7-77BB-813ECA25F662
122,Zane T. Bond,46,Male,Surat,UP,9609017884,P0N 2C3,94DAD90A-0C5D-A7D6-AADF-DFD4E3FC0AFE
123,Kenyon Q. Weber,36,Male,kanpur,WB,9355915514,A0H 3B8,C3CD7772-4C9B-1B98-F428-91256FF8A6AD
124,Troy K. Sanders,55,Male,kanpur,TL,9492879929,I0O 1B7,A789A3C4-72C4-A80C-C00E-5059CDC9AF95
125,Nell G. Santiago,41,Male,Hydrabad,WB,9713240257,J3S 9V5,2C104E46-1F3B-9601-59E0-F13A97ECDAC4
126,Lacota Z. Morrison,44,Male,Kolkata,TL,9336512779,Z7E 3U0,6553A7A6-075C-B852-3BC7-AFC2A20EC5BB
127,Ocean H. Bonner,55,Male,kanpur,TL,9575471569,F4Q 7R1,6EEDBB47-1F2A-691C-4C61-196F5CB8BAEB
128,Colton Le,58,Male,Delhi,UP,9644461308,S9H 2Q3,026754CB-B481-C1A9-B8E8-9757E9AF24CE
129,Reuben Q. Mckee,27,Male,Kolkata,TL,9802615604,Q0G 0N1,98364605-0D95-14CB-4C43-BAB99BDF9692
130,Chelsea A. Benjamin,36,Female,kanpur,GJ,9553475861,X6S 8U8,66A81992-3FFB-CCC5-1893-3B7C88717BC7
131,Brody P. Aguirre,51,Female,Kota,GJ,9510173301,E4X 8O5,598DCCE4-3306-95F1-1D3A-B84459ECEB6D
132,Dustin B. Calhoun,55,Male,Kolkata,WB,9745227610,A7O 0F4,45A45277-703B-0EAF-D2A1-FB37B3FA0CE4
133,Carolyn Q. Perry,42,Female,Jaipur,TL,9504641179,E4D 8O8,7C7BC24F-873E-554E-4BB2-857780B4130C
134,Jasper M. Kirkland,27,Male,Jaipur,GJ,9647059041,E7R 8M2,41A93B05-9E37-6F44-AF59-AA09FA6B3D27
135,Helen Langley,53,Male,Delhi,TN,9455242629,F1V 4B9,05F267E1-3349-E782-CF91-6CBE69AB0780
136,Trevor Fitzgerald,45,Female,Hydrabad,RJ,9710102745,F7N 7O2,3AA20066-69C1-3E99-BD22-C8DB5598C535
137,Ina A. Daniel,50,Female,Delhi,TN,9504742989,Y3Z 6D2,AF7D267C-1521-D1B3-1ECF-80A969476D79
138,Knox M. Moran,53,Female,kanpur,GJ,9463545630,X9M 2N8,FB16077E-D56A-6CDE-B798-EA157E98EB52
139,Salvador Berry,53,Female,Jaipur,UP,9606464684,C6E 4Q1,195D9D84-B69F-47A9-7DAE-6EA77CEE8EA8
140,Drake Robertson,33,Male,Delhi,UP,9421163858,Y2S 9Y4,FA2FFCC4-74E9-CC4D-1D24-A48D938FA8DF
141,Arthur Mcdaniel,27,Female,Surat,TL,9572145661,J7O 8N1,10AC4087-3F51-4E5C-D2C8-FBC531629C07
142,Kalia R. Faulkner,59,Female,Kota,UP,9549888944,W1L 5N8,E0BF3B28-A32D-5DDA-1A41-AB9140136BB0
143,Benjamin Hinton,49,Male,Jaipur,UP,9724904156,M9B 0J8,7A77D85D-5CB1-5DC8-15E2-2785E02BC07B
144,Lyle Y. Barker,54,Female,Kolkata,UP,9274694834,E1G 5G6,7AAE3EF3-0B25-AFFE-84D6-4424D6FE4253
145,Phelan Pacheco,47,Female,Kolkata,TL,9471298960,Z0M 3V6,A979C132-A197-C5AA-81E0-99B7B0EAB951
146,Althea M. Mccormick,47,Male,Jaipur,UP,9648190623,Z0Z 7G8,F90B1379-66EB-CF55-68EF-691DAF805509
147,Imogene Buckner,34,Female,kanpur,RJ,9855168233,V7N 2U8,47353EFF-8596-15C1-0009-C0A26C1D98F0
148,Amal Rocha,33,Male,Jaipur,TL,9325337358,P9S 2S8,D38BE551-D3A4-19E4-A7E7-DCFD9EDABB9A
149,Ivan N. Durham,26,Male,Chennai,RJ,9615288209,H5S 2F7,8C4A0554-5219-A57F-23E2-87DC0BC39B45
150,Igor Y. Garner,48,Female,Delhi,GJ,9563683272,V4Z 7E3,3DD656E6-025D-70D3-B72C-FC2E9DBB3988
151,Gareth Roberson,49,Female,Kota,UP,9330631612,J9P 1G8,C6FDAB08-40F2-A535-7A6F-C7F5BC6BC7BC
152,Chloe H. Mclaughlin,51,Male,Hydrabad,UP,9529906220,D4U 8T2,2691F30D-E996-C47C-0471-6BA686D7AB78
153,Cally T. Flowers,25,Female,Kolkata,UP,9527091983,L1D 2E5,0401CEDA-8227-FCC5-5C25-4B591386D4E5
154,Blair W. Campbell,34,Male,Surat,TN,9589796650,V3Y 1L1,0765EE58-D9E3-576C-A753-E1EDA6165AAF
155,Macaulay Bradshaw,48,Male,Kolkata,WB,9567410188,T0T 7Q2,34D99DC0-D1B6-591B-21BE-3FD50387E063
156,Maia V. Marks,54,Male,Hydrabad,RJ,9651926886,M7B 3Z3,C91307EA-4AC8-D165-1FF9-95AB4A1F9FF5
157,Conan M. Cross,58,Female,Chennai,WB,9425729288,L4Z 9E7,E9BCFCB1-45BB-9F09-10DF-236E22973D18
158,Gregory E. Ratliff,54,Male,kanpur,WB,9698754066,Q3C 9V7,3F0310DF-BFB3-F57F-6762-F685239CDD9C
159,Kathleen P. Pope,57,Female,Kolkata,TN,9612418099,J8L 6V2,2EEE7B77-3E7E-EADE-3F46-F31E678AD15D
160,Jolene Q. Haley,29,Female,Kolkata,TN,9631569356,B6X 0W6,F1948D0F-EFC3-CC8C-C230-A7662F43CF19
161,Pearl N. Crawford,27,Male,Kolkata,UP,9591344388,Q3K 3E8,3BA17A17-24D6-BACE-D8DE-505E0AFBDBD6
162,Benedict Sharp,50,Female,Kolkata,UP,9561162510,N4X 4I2,20EBD935-F63D-3720-F6D3-E917DC8E8F8F
163,Isaac U. Hester,43,Female,Jaipur,GJ,9830869956,W8W 7R8,89B8D6DB-BC7C-D265-A44E-002B80B9BE7A
164,Elaine P. Thomas,54,Female,Hydrabad,GJ,9343209638,R2R 3A0,32890C5A-8E3E-B5F1-8AB0-1BEA12A11B50
165,Chester W. Terrell,31,Male,Surat,GJ,9429566811,G3N 2W5,89879B52-B5BD-0B19-58D6-97B93AF795C1
166,Medge D. Butler,43,Female,Surat,UP,9444559843,U0K 0B2,D8F254D5-5BD7-0091-EBEE-8CD23DE7F8A5
167,David K. Guthrie,54,Female,Delhi,RJ,9801668114,M1V 6A5,B8DD71AA-7C99-F201-5175-BE6151DC6740
168,Halee Porter,59,Female,Surat,RJ,9632563870,X7O 4N8,001A61F9-00D3-D369-E8AA-1E3F7F986B7E
169,Ronan Walton,57,Female,Kolkata,WB,9577628473,N2S 3V2,AE34CE39-23C1-B5EF-A029-5CCE36C67C63
170,Bethany I. Maxwell,27,Female,kanpur,UP,9438113069,Q1Z 6P9,46826B98-0829-81E2-439D-7126F4011573
171,Devin Mcfadden,51,Male,Kolkata,RJ,9533042772,H8K 3Z1,19743AE3-299F-21F2-A91C-EB5D321D5B36
172,Harding Wiley,25,Male,Kolkata,WB,9471595445,B9I 2F6,04E17361-D640-1F30-9574-DBDB9ED6C9D6
173,Moana Lowe,43,Female,Chennai,RJ,9701033492,Y1L 1H6,137F04AF-930F-B1A9-BDD2-D89724C75A0F
174,Sopoline Page,41,Male,Jaipur,RJ,9465243416,F5G 1U8,5980633B-D092-447D-817C-876E85909873
175,Anika O. Benton,60,Male,Hydrabad,TL,9569645917,Q8A 4G8,47079ADD-6CE5-9F7C-303E-DDFC27A1844F
176,Wayne Donovan,41,Male,Kota,GJ,9641407435,I3Z 8L5,6154A7F5-7BF8-60BD-C841-BC9BDE0525BD
177,Kenneth N. Alexander,43,Female,Surat,RJ,9544047064,Z4T 7Y9,421C1E40-ADE7-2200-BC5B-5CC3D6142004
178,Bianca P. Davis,25,Male,Chennai,GJ,9590991032,Q9U 9I9,FF9D0047-A5A4-8B11-1F6A-F51D5834BC7E
179,Sybill P. Riddle,30,Male,Jaipur,TL,9569438177,E7W 7O3,B42EC361-F33B-7F47-7790-382128EC160E
180,Cain Reyes,32,Male,Surat,WB,9499549664,G4O 4X5,235710FC-851E-C73E-084A-961CFAB1F7D3
181,Luke Ferguson,41,Female,kanpur,UP,9658790989,E4G 4Y6,4F0A8BAA-EC78-DC87-7E44-70064FB77102
182,Dieter P. Barrera,32,Female,Kolkata,TN,9528870243,P3B 3K5,3AE9D7DF-EB05-3EEA-FB3E-991DD1051356
183,Paki A. Mcdaniel,56,Male,Hydrabad,WB,9561461127,L6V 8L6,F4BB845A-5486-3BEE-8F5B-836DE5D1331C
184,Tad V. Hutchinson,39,Male,Surat,UP,9369213949,F6Q 9J3,42D725CB-394A-BBFF-8405-D9CF12124FBC
185,Ocean Cochran,33,Male,Chennai,GJ,9476363468,V4L 5D0,9432DBE3-BD35-7730-6035-E61E8A4EB082
186,Bevis Malone,29,Female,Kota,WB,9556865458,C1O 0K9,896F0C04-3680-AF77-F964-5A3417BBCE6E
187,Magee E. Hebert,40,Female,Jaipur,GJ,9562915108,U8M 8E9,2D596AAA-193D-E896-661D-4A5D43062B35
188,Rajah W. Chang,40,Male,Kolkata,RJ,9635373331,D9L 2V4,AD6308F5-61D6-C23B-4C61-6E4462FBA13C
189,Carol Espinoza,29,Female,Chennai,RJ,9676027265,U8R 1B7,ACEF3738-7576-2C67-2CE0-B797854CB29B
190,Germaine Rice,38,Male,Surat,TN,9539117222,T0S 5L9,97082F7B-9931-24B5-043E-D6E5378012DD
191,Idona Saunders,25,Female,Kota,TL,9588262637,Q4M 6L6,74379C4B-6E1F-D6B7-7DE8-E2C07CCBF02D
192,Lance A. Chavez,42,Male,Chennai,UP,9774109225,Z1Z 9Z1,6D0A846B-DEC0-DC7E-9689-93DDD2C0B872
193,Ross Stevenson,58,Female,Hydrabad,GJ,9740727160,Z4U 5A0,30B41E4D-44B4-AAAD-36D9-1BEF95E7DE23
194,Hashim J. Vaughan,47,Male,Kolkata,TL,9443878149,C9V 0F5,AABB839C-5B30-A226-EC86-0F6A5DD7FBA9
195,Edward Langley,57,Female,Delhi,GJ,9615748324,H1O 5B1,A731EB5C-5D38-C453-0B65-2D268EF0EFF8
196,Harrison Y. Levine,36,Male,Hydrabad,GJ,9584477575,I4S 2B9,69BF905B-E013-EA6B-DFC8-4CF31AE61268
197,Kimberley Hull,40,Female,Chennai,RJ,9682958924,J3Y 5R2,D6899461-2B25-7657-8007-3CB653CBBD21
198,Brendan C. Oliver,41,Male,Kota,RJ,9486677124,F9B 0A6,CCA00F70-B4DD-E48A-EDC1-D4ECC6265744
199,Jaime Richardson,52,Female,kanpur,WB,9548154553,V6C 8C0,CBD3D52A-1F2A-6CF9-25A4-A48E52245A76
200,Baxter Rice,39,Female,Hydrabad,TN,9531411472,D5K 0S2,F681F7EF-1C47-A5FB-9F37-9F2B717EA6DB
201,Lewis Hendrix,55,Female,Jaipur,UP,9545964736,Y6U 1A6,5447CEE4-E068-DBB5-9CE8-A268FAFAA991
202,Zane W. Alford,57,Male,Kolkata,WB,9467041934,E6P 3D7,9111DF69-FCE3-C799-DF97-0A18B4F016A6
203,Nissim Wilkinson,29,Male,Delhi,UP,9239401980,F3B 0L6,7CBDF7E5-4B28-72A9-AD6D-EE6CA001B02F
204,Yuli Rocha,31,Female,Kota,TL,9663197982,X5F 3H9,AE454D35-8388-C522-8A44-986F7E20B5FD
205,Eagan Rocha,45,Female,Kota,GJ,9585230413,E9X 4S4,F023012D-3467-89B6-8A3B-A98F9E9CD664
206,Shea Mayo,57,Male,Kolkata,WB,9740122488,L0O 4G4,AF732EFD-41A3-B02A-9496-C1518CC0A7B3
207,Lacy Deleon,51,Female,Chennai,UP,9439186641,G8F 7I1,ECB9AAD7-304E-5298-5B8D-C940B2A381B9
208,Nadine Goodman,53,Female,Delhi,RJ,9559986980,J0W 9V2,02846E7A-1F12-55D3-0849-0431EECAEDD1
209,Ross A. Curry,46,Female,Hydrabad,WB,9611061934,K0V 5G7,09CA2087-9FD9-975B-15AD-1B89B6B994B9
210,Declan Mccarty,29,Male,Jaipur,UP,9639051547,K3U 5T8,0B2C3543-427E-051C-8505-95DADAE3206A
211,Sigourney Mclean,44,Female,Kota,GJ,9602903866,N3N 2W3,BD0E0A25-BCD6-8C11-4CA4-3EE5BCDB8234
212,Hope U. Atkins,41,Male,Chennai,RJ,9570324238,I0I 1N1,9120C394-9658-9116-14C3-8DCFC8F56D45
213,Merrill Vega,36,Female,Hydrabad,GJ,9521728994,Q1Y 8Q3,8AF04A22-9520-0B30-0437-86044621145C
214,Cole N. Spence,49,Female,Kolkata,TL,9662389132,S9M 1Y8,05729739-380F-968F-7E4D-7CA3A0A337C0
215,Faith Q. Joyner,47,Female,Kota,TN,9650716371,R8H 8R3,4FD082FC-E4D0-A43C-5AB8-B888D092D26F
216,Todd Y. Black,40,Female,kanpur,RJ,9237762535,A3H 2L0,016262D7-B89D-6C48-B496-851123CCB674
217,Nicholas Phillips,31,Male,Chennai,WB,9542224523,D2X 4Q7,D65A17C1-2136-8A5B-4A2C-E0D85DD7E7C7
218,Imelda A. Oconnor,42,Male,kanpur,TL,9511887654,J0A 1D5,A6F90097-203F-6E6F-FAF1-EEAA31634227
219,Liberty U. Carver,28,Female,Kolkata,UP,9496132925,R4Q 7J7,08361EBF-66C2-491B-AFBB-8F69BC2FCBD8
220,Rachel Pierce,59,Female,Chennai,WB,9592800349,G0J 7V6,A04C3AF8-97EC-C420-FDD7-6890500A61FA
221,Regan Newman,29,Female,Chennai,TN,9458079035,S1T 4W8,7B30E5D8-B5D2-2BF3-ABCF-94E0B8CAE378
222,Valentine Z. Hebert,29,Male,Chennai,UP,9501056195,K5S 3A1,544A756D-C713-73CC-8915-FB5276C70A6B
223,Ferris Torres,36,Male,Hydrabad,RJ,9456568948,M9D 9S6,4FDB05FA-51B5-38A5-DE73-5849471CE19C
224,Stewart Woods,39,Female,Surat,UP,9668152495,I5J 1D5,08AD0E43-1C1D-EADD-2773-F8AC00C3F02B
225,Ora Pittman,49,Female,kanpur,GJ,9582471067,S6W 5S7,6E4AA6B4-AF87-EC74-05D2-64643ABA076E
226,Upton X. Mercer,57,Female,Kolkata,RJ,9763086163,N7K 7R3,DA369D22-37CF-697A-CBDC-A84632E2F7B6
227,Ila Perkins,37,Male,Delhi,GJ,9592474391,Q4L 6X2,90C77647-DA2B-FB48-ACDE-976F72C9DE94
228,Lisandra D. Pate,41,Female,Kolkata,TL,9500934534,K3I 7J8,700776D8-F1A5-EC47-3142-B0AB8E6030C4
229,Kadeem J. Foreman,38,Male,Hydrabad,TL,9490823325,Y9D 7S8,FD6F8544-89FB-5780-D421-C8BBF0A7EDAF
230,Burton Holcomb,36,Female,Chennai,GJ,9613004728,R2W 1Z5,A80F2BCE-9140-3450-9B92-E4A5AB8649B9
231,Allen Rowland,36,Female,Chennai,WB,9535293861,T3L 8T6,6E0AE0C8-244F-B6B8-976E-D2B05D3E5B44
232,Shay Fleming,31,Female,Kolkata,TL,9556461045,T7F 6B8,C9A586C1-90A4-812D-2FEA-E4DE22888E45
233,Germaine Morrow,25,Male,Surat,RJ,9550401354,E4F 5R6,5F4D0B61-2920-843C-E091-BC9C818B3F2B
234,Mannix Schroeder,36,Male,Hydrabad,RJ,9329375282,I9Y 2W2,51E5B9A4-1530-5A51-68F4-FA6531EF9291
235,Chaim I. Bird,30,Female,Kolkata,RJ,9610955387,J0U 5V0,374E91EC-2565-F877-2C46-A9428E54F91E
236,Charles S. Kline,51,Male,Hydrabad,GJ,9670100414,Y6N 2Y8,132590AD-BC13-C6D4-235B-1B52C0605A7D
237,Channing P. Steele,28,Male,Surat,TL,9371362643,Z3N 0A1,5F146010-C2A0-6019-227F-484F47AF6D27
238,Boris Koch,25,Female,Chennai,RJ,9616817578,L1P 1H4,747DDFD8-B0FF-2981-56CA-4D195A522CDF
239,Patrick Myers,43,Male,Hydrabad,RJ,9491290873,A6D 1M5,5C7CCAFF-E066-B370-7304-A18B84F48C48
240,Kamal Stein,25,Female,Chennai,WB,9676927731,B5X 1Q6,6B4268BC-83A5-2CDA-4F79-CEDEEC6A56FE
241,Patrick V. Sherman,31,Male,Jaipur,WB,9539572664,T0P 8F0,7B18C571-DB32-FC4F-5C2F-FD3B0331BAF5
242,Charissa Stephenson,58,Male,Jaipur,TN,9454332338,X7M 7O1,BA3D3411-5A4E-1E13-8000-8252C0B58145
243,Ryan T. Wells,46,Male,Surat,TN,9469730491,G7N 5R2,28864D83-BA14-A4FA-1FA4-34E8E1D2944E
244,Brenna U. Riddle,41,Male,kanpur,UP,9540546517,E8E 4J3,BE39D8E6-3592-8184-4318-0FA826733B6C
245,Eagan Schmidt,50,Female,Kolkata,TN,9689704877,B2W 3D8,C74688D9-F689-E12A-A312-3A1AD5216F0A
246,Minerva Gillespie,26,Female,Kota,TL,9367518578,T1T 5U0,7CB65E0C-076F-1C63-623D-EC24F732FDCC
247,Alden Mcleod,30,Male,Chennai,TL,9632120224,T7Q 1C2,119831A2-23B0-AFDE-AB95-9BF775A07CCA
248,Nadine Colon,26,Female,Jaipur,WB,9654752672,U4S 6S7,53CD2E20-89E5-E77D-38BC-1B4FFF96F3F1
249,Ora U. Cruz,36,Female,Kota,GJ,9531277941,A2C 5I4,A11C0052-31FB-D91B-5FFD-6D94F877986B
250,Paki T. Velazquez,45,Female,Hydrabad,RJ,9496181231,W8M 5H8,8878F6A5-4D3E-7AE8-7ADF-C255EE4D7C45
251,Allegra U. Phillips,55,Female,Jaipur,UP,9237785210,Y0O 8E1,180472EF-89F4-B5AF-DE34-364734DEDE55
252,Holly X. Pace,33,Female,Delhi,TN,9522172024,O8V 8O1,F2CC06E7-F12C-6689-573B-18848B82CD49
253,Armand Bolton,36,Male,Surat,TN,9496082256,T9C 9Y0,61BA493F-7F80-8E88-9B64-2EB3BD5FC73B
254,Olga Ward,37,Female,Chennai,GJ,9402895356,D2L 4K0,F766318F-B6E4-4A04-E45A-586A3469AAE3
255,Cora B. Odonnell,33,Male,Jaipur,GJ,9507011198,O2N 2T9,BDC8DC51-D3D6-7E78-95B9-741BC4F1EDF1
256,Kermit O. Howell,54,Female,Chennai,RJ,9562248732,I1S 7X3,CA66063C-F321-BE56-1B60-F098B691239A
257,Brandon Klein,30,Male,Chennai,TN,9740605040,T9J 7H5,64DC4C21-BB50-7840-A6C2-0180119EA9AF
258,Philip Pearson,53,Female,Jaipur,WB,9522794531,T7U 8K8,43637469-0EDD-C864-26F0-217B80205361
259,Piper Q. Pierce,50,Male,kanpur,RJ,9448394548,R9U 1S1,8D1CA840-1A06-6D64-1327-520E1F5FF8D9
260,Castor Curtis,50,Female,Surat,TL,9447399172,P0F 6E4,4947FBC3-B760-5D5C-DCEE-166EFE2F9E17
261,Quynn V. Woodward,60,Female,Delhi,GJ,9427162324,X1H 0N1,8E054782-825D-DE16-D260-8D350058E1EA
262,Garrison G. Crosby,47,Female,Surat,RJ,9533979749,G5T 0Q6,C799B22D-1A88-3257-9D40-8313DA6B95B9
263,Elaine I. Dixon,28,Male,Kota,TN,9578122058,B9B 6R5,3E44C401-4AE1-09E3-650C-7823995436EF
264,Leslie Fitzgerald,43,Female,Hydrabad,WB,9667000269,Y8G 4M0,AEB52CAD-44FC-85AE-D672-9E5EF7E7C097
265,Forrest Y. Love,43,Female,kanpur,GJ,9546065809,S5O 9Z5,9CA08926-D6FC-CBA9-6A10-0EBCCDE7F86B
266,Zoe Hubbard,58,Male,Kota,TN,9633396029,Y4X 2O5,7A0119CF-BB01-4824-C6BC-1D1F1524C8D6
267,Keegan H. Bell,56,Male,Delhi,UP,9576172735,X0L 9X7,03A44681-71C4-B53C-5F7D-82E499082085
268,Phoebe C. Ellison,43,Male,Hydrabad,TN,9654147121,V4O 5U1,22159947-E966-07E7-A772-877DDE3EE699
269,Angela L. Dunn,38,Female,Chennai,TN,9666311128,F2V 8W6,5B4890C3-B74B-A5D4-51C1-4EDAB8382BC6
270,Lysandra Cleveland,44,Male,Chennai,TL,9597117978,G5D 2H0,1EE2F594-CCDE-C861-8F63-C3246C91AB18
271,Holly Pickett,50,Female,Hydrabad,TL,9560817804,S1J 3O0,5F2DA8C6-AA58-B8A4-275A-7ED6D1AC0D8C
272,Henry Barr,38,Female,Hydrabad,TN,9576790102,Z7D 1K6,3AB36AED-0B38-3B84-824B-B8EC26CBCBC1
273,Honorato P. Sheppard,45,Female,Delhi,RJ,9553485198,Y2W 3D3,8CD23677-3B92-F8D2-1EF0-18932C575A26
274,Phelan U. Barnes,40,Male,Surat,TN,9469690590,Z1K 3C5,D43C6A77-ECE5-08AC-006E-78529EA41E13
275,Camilla Cook,56,Female,Surat,RJ,9481731954,R4W 9Z6,07D90902-0077-07CD-5602-E91BF391D494
276,Roanna G. Bradford,39,Male,Delhi,TN,9566827556,B3F 9F5,45E0DF0A-78E3-1BF4-C333-68EA1C021991
277,Chandler Cherry,37,Male,Kota,TL,9627138676,O8L 2R8,17D12B95-39C5-BF56-F8AA-BBF6EB2641DF
278,Flynn Z. Hester,26,Female,kanpur,TL,9561789059,E9O 1F1,39C68E2D-034F-B73A-A208-7B6E321A8C24
279,Cora Rosa,49,Female,Jaipur,UP,9642095429,V3K 2S6,9C1F0F34-FAFA-D7B6-D6B4-05BF1842B24E
280,Xena H. Mooney,51,Male,Delhi,TN,9625849723,I9Q 0T5,20A8E1E1-7467-AAD4-F5B6-228B2AFF3EA0
281,Megan K. Dyer,31,Male,Kota,WB,9637155959,O8Z 4G4,9788CA0C-26EB-C853-8774-D9CF62B71088
282,Lane N. Brock,25,Male,Surat,GJ,9610724808,Z1C 7R0,4B6070CE-50E1-9B49-B311-FB1488436060
283,Leroy E. Norton,47,Female,Surat,WB,9278722688,V5Q 3O6,C7F8E109-CC4F-4F49-954A-904B0FA58264
284,Roth S. Gonzales,52,Male,Jaipur,TN,9462808368,U0L 5Q6,8A0C0AE1-BFE0-0A3A-AE44-5EB3FB440C7F
285,Jamalia Fitzpatrick,47,Male,Hydrabad,GJ,9650305487,G4S 6Q5,C0B60F98-D900-9D23-3778-DD83284D9B06
286,Raja R. Le,54,Female,Jaipur,UP,9679434681,G2T 6W7,3C589DA0-856B-2FC7-CB40-43E0E1DAFDCD
287,Brendan Colon,56,Male,Jaipur,GJ,9368664562,R8J 8V8,D8E1D383-619D-56A2-3BB6-D8B40D0397AB
288,Trevor Spears,39,Male,Kolkata,TN,9518612303,B2F 6Y5,1CEFF5D9-A783-68C5-ABDA-CB94877C0F0C
289,Cheryl T. Hampton,60,Male,Hydrabad,GJ,9555837854,L8V 7B7,3EFE0DA1-8AC5-BA2E-7C3F-9287BD32F4BE
290,Lucius N. Wright,48,Male,Surat,TL,9391700213,X6R 2E2,56AD9295-823A-C94E-6E99-85B04EF864F3
291,Derek X. Savage,37,Female,Chennai,RJ,9479284174,L6C 7L1,4F3F89F1-5AFA-E98C-3216-D2BDE45B4F83
292,Carly House,55,Female,Kota,UP,9314403013,V9V 8Z0,F8AE9FD2-7F8F-88FA-F535-8EB141B47F20
293,Guinevere Stafford,33,Male,Jaipur,GJ,9435095488,F9V 3L8,A4AC7A86-63CE-BC1F-452C-FE2D72F1CF9F
294,Alfonso Collier,54,Female,Jaipur,TL,9478850555,J0A 1D1,F545901E-1349-A1BB-6E13-3A679793CE25
295,Jolie Brady,28,Male,kanpur,WB,9365530650,N2Q 8G7,D61BBDED-D16B-0BFE-E933-5EB89E0BD2F8
296,Ann M. Harper,31,Male,Hydrabad,TN,9588974005,A9K 9T3,FEB93F30-0E9A-5B86-AD26-A00B3CB7EB00
297,Malcolm Carver,45,Male,Delhi,TN,9522024956,H3M 9X2,B6E36616-9D61-A442-D454-EF3CFEB55691
298,Valentine Odom,50,Male,Kolkata,RJ,9559715349,K5H 6G7,FF946EF0-7577-C03D-EED1-FBC6734A7143
299,Jin Blackburn,55,Male,Kolkata,UP,9576648425,E2L 3O9,818603C2-DCB4-37D3-B850-4D7FE95EFCEA
300,Shaine Ramsey,26,Female,Hydrabad,TL,9636957790,T9Y 7G6,DD9B1200-70CE-1715-A8CC-3398AA46C628
301,Adria P. Church,44,Male,Hydrabad,WB,9636741209,L5D 0A3,DE46ECE3-AC13-FFC8-E5EA-0AD17EC2D8DA
302,Judah Perkins,32,Female,Kota,WB,9646138346,N2W 9D1,B2EAABB6-A504-065B-61B8-DA22562780B3
303,Malcolm Adkins,52,Male,Jaipur,GJ,9576675648,I4A 1Y0,3EDA96F3-9059-46E3-4139-EB0FE68011AC
304,Astra Blankenship,37,Female,Jaipur,TN,9497736883,V6B 1L0,C014C09B-3357-6AC0-E88E-9B1B9069D66A
305,Calista K. Mack,60,Female,Kota,UP,9496069023,Q8J 1L9,9556BDE3-A5FB-3393-F2EB-BB15C2CB9166
306,Brynn D. Holder,27,Female,Delhi,RJ,9718511188,T9O 0G7,989E48F4-466A-E9EB-2DAB-A4B738F883D8
307,Chancellor Little,49,Female,Surat,UP,9775193821,L7E 6X9,87F91C41-2901-8FDF-FE26-1175B6F64727
308,Coby Young,38,Male,kanpur,TL,9501060270,D4H 0T6,212653BD-5327-80EE-7052-19B3CAEA6252
309,Kelly Greene,25,Female,Delhi,UP,9640313982,L2F 3G6,C43A2FDB-9DFE-728C-5C77-A2A1823933F2
310,Natalie U. Wright,35,Male,Chennai,TL,9497281763,C6R 7A5,68C7D141-14EF-06F8-1E12-3506CB28098A
311,Ferris Thornton,51,Male,Delhi,WB,9409158164,S7Y 4D6,68B190B4-39C6-6CA2-5118-EAA33C8D2E52
312,Malcolm S. Parker,29,Male,Surat,WB,9585922742,Z0S 0Q5,A27D4523-D0ED-94CB-0F8C-7D3FEEE2BF87
313,Keane U. Harmon,43,Female,Kolkata,TN,9346948713,G2L 5P0,367C2116-4FF6-A4F3-CB63-5D8FBBAA814C
314,Raja Fuller,58,Male,Kota,UP,9367254481,P4A 9V6,BA6CAF78-7BDF-5986-E36A-CF9791894471
315,Bruno A. Tran,44,Female,Surat,UP,9672144712,Q9S 6Z1,F1164FD4-0B79-BE61-9676-F77A27CA84DA
316,Lucian U. Callahan,48,Female,Delhi,WB,9593382932,V5P 6U0,FC7E5EEE-3C07-5479-6510-0DD4A05F41D5
317,Adara Walsh,39,Female,Hydrabad,UP,9584533894,R0F 7B1,CFCAD55B-662E-BE8F-6DB4-CB90179ADF3C
318,Keefe J. Green,36,Male,Jaipur,UP,9483972073,N9X 9B9,3B3C9FB8-168B-94B7-04D1-1EB0B6D19A24
319,Darryl Strong,53,Female,Jaipur,GJ,9546573456,W6I 2P9,11162102-FE92-1A31-CB25-6C754D496946
320,Preston H. Camacho,39,Female,kanpur,UP,9523286466,K2M 0D6,E66993BE-B201-9238-38AF-B2B413830603
321,Taylor Schroeder,29,Male,kanpur,UP,9538835888,M3Z 6E6,CC2F9986-D1DD-9952-CE83-EFB98512035F
322,Clarke J. Rutledge,54,Female,Jaipur,TN,9534715782,T1U 3S1,534C2E38-CB3B-4F80-C22A-7BA78BB94324
323,Irma X. Whitehead,27,Male,Chennai,GJ,9411705706,T2F 4O8,820C0D63-601D-A5BD-73E3-A9F3D8984B07
324,Jenette Pope,41,Female,Kota,WB,9538040543,T5U 4H6,302B0F8C-8366-9A64-77E3-53E13465265E
325,Linda X. Martin,53,Female,Chennai,WB,9293853238,Y4V 3D5,A0C2B7E3-0CD6-42B9-A789-D33056AB1408
326,Wynne Lang,57,Female,Kolkata,GJ,9538321551,J7X 8D1,7ADA18D3-8A29-01F5-5B4D-DE29ECF30098
327,Buckminster Dunn,25,Female,kanpur,UP,9509542675,Z6T 4T3,CA2D09F5-A0B5-95CC-17E7-298FA3172940
328,Kiayada L. Chase,32,Male,Chennai,TL,9624486698,L4Y 1H7,2CC4307F-39D6-94EC-5D60-52DD2BCBFA4F
329,Jerry W. Mccormick,39,Female,kanpur,RJ,9314482196,G9R 2W5,44DDB4E8-A847-2D82-AFAD-E3708597E9A5
330,Zelenia P. Lawrence,41,Female,Hydrabad,UP,9561295466,Y7D 0S8,BF9EAFE0-4A9B-79D6-C5F0-973E58F7B052
331,Veronica Meadows,31,Male,Surat,GJ,9557721334,V3V 3C9,83D5C558-D317-3948-745C-45E684879F2C
332,Chaim I. Rowland,34,Male,Chennai,WB,9588406658,E8E 5M0,B8652861-CD13-6CC9-103A-0135EC24C247
333,Brent R. Kennedy,53,Female,Kota,UP,9395053357,Z4R 9Z1,80C29CBA-1E10-3668-1937-766C8DE37934
334,Arthur H. Velez,60,Female,Hydrabad,TL,9514671963,Q0R 1U0,B5560517-6852-8311-9291-57296C4D4447
335,Brock L. Avila,27,Female,Surat,GJ,9457042997,A5L 4H2,79927F8C-E949-DB70-796A-9BCA2E65B501
336,Fitzgerald Clayton,41,Male,Kota,WB,9594973169,A9J 8M7,D8367EA6-43FF-8FB0-0A88-874A1D75C66D
337,Driscoll V. Vaughan,40,Female,Jaipur,TN,9499236883,I9R 2X7,670368B5-EE6A-2CED-BBD2-3651C6F71197
338,Henry Mccall,46,Male,Kota,TL,9460813351,K8N 9M3,8A4F0A77-BE86-AAB1-E4D9-271AEEB20F2F
339,Malachi I. Powell,31,Female,kanpur,GJ,9744672931,L2Q 5K4,917CF38E-7EBD-FB80-0EDD-B41BB69F6940
340,Talon S. Vasquez,29,Female,Jaipur,GJ,9402482776,A3R 1S4,66460B31-605C-E645-A2B9-56E5173D6EBC
341,Raven Noble,48,Male,Delhi,RJ,9455875939,Z7O 5N5,93C017AA-11F6-DA13-99F5-53AF7619A445
342,Quinn Cooley,31,Female,Kolkata,TN,9753062268,I4G 0D9,57FADFFA-89FC-ADE4-DF60-18DE08EF0005
343,Dieter Compton,52,Female,Jaipur,GJ,9598537979,M7Z 4R7,9B1D8CF5-7231-EA38-1F05-61FACA252EAE
344,Akeem Mcdowell,45,Male,kanpur,RJ,9613668060,J0E 7G5,F7B23F4C-169A-D4DC-405E-CCAB9DAA1CFF
345,Blake S. Brock,55,Male,Surat,TN,9714702376,U1Y 5G1,A4A4237C-9DD9-ACD8-51D3-633AB5E44706
346,Dustin I. Parker,45,Female,Delhi,UP,9665528566,P2N 9X5,490FCCB3-5C43-AF40-3317-C8F4D84BEAAF
347,Ferris E. Parks,44,Female,Kota,TL,9643472240,N0C 6K0,866CC528-3643-4745-EB85-407E86EB3B9B
348,Rashad Rollins,37,Male,Chennai,UP,9567401617,Z9Z 7D7,5379F495-DC30-3CCF-FE73-A511EC436EB9
349,Neve U. Middleton,39,Female,Kota,UP,9342025615,P1B 3C7,D27F7288-6440-28C5-2897-6397D158ACFA
350,Beverly P. Wilcox,43,Male,Kolkata,RJ,9647914729,A8B 3Z4,F5D262AC-9E48-1CA9-D022-85CCE2506795
351,Blake K. Campos,28,Male,Delhi,TN,9616352506,Q8O 2J3,B86586DD-60A5-CC75-5FB6-D1CF917AF276
352,Ronan Melendez,55,Male,Hydrabad,TN,9534650938,E5M 2T3,DA7A35E9-E448-CD04-80BC-71ADE5E4E8A2
353,Faith L. Yang,46,Female,Hydrabad,GJ,9546517176,Q4E 7U3,B83ED1DF-CC49-2A52-1688-46A020B6DB6F
354,Kay M. Byers,39,Female,Surat,WB,9669502034,B2J 0U8,DB02D970-B616-5525-4F5E-FABF317BF329
355,Kameko Pruitt,60,Female,Delhi,WB,9462713447,P5Z 2J6,21BD8C29-1F85-93B8-CA53-597F809F5DEE
356,Ciaran Vargas,43,Female,Jaipur,TL,9558867241,M8Q 8B5,AA9A5B61-68ED-AEC7-0FEA-7124051A4690
357,Cain Mcintyre,27,Male,Kolkata,TN,9545938214,I9O 2N2,37FB3A8F-2EB7-F147-0462-04A557B9BBCF
358,Blythe Charles,25,Female,Kota,WB,9357212427,B7F 6D4,B85C3068-9D06-5F3C-3F54-19401DDE2671
359,Kendall O. Holman,58,Male,kanpur,RJ,9619890464,G5P 8A3,A7438CCE-82D4-3F5F-1686-B8F834B6B6BC
360,Neve Bradley,59,Female,Hydrabad,TL,9567711274,X3S 3G2,EBD89F98-88C2-C554-7680-DDBB52BC0126
361,Elijah D. Blankenship,30,Male,Hydrabad,TL,9379181960,A1Y 3C5,4FE30E2A-6928-688B-04B1-CF1A6AFDA053
362,Quentin V. Gay,43,Male,Surat,GJ,9585173589,F1M 0B3,41A50EBF-A1C3-D88D-33D7-0BE8D6478472
363,Channing Peck,53,Male,Chennai,TL,9556357941,R3Y 8S8,EB094227-1738-FD31-971E-2A93032ED6F8
364,Caleb Anthony,45,Female,Delhi,RJ,9461807498,T5T 4F3,B4B41076-FB2A-5B95-A352-68E491F6B9E7
365,Theodore F. Norton,33,Female,Surat,GJ,9458867291,S8A 2U1,D3EBED1C-5F4C-52FD-B83B-4AF1E4102AD9
366,Pandora Melendez,60,Male,Chennai,TN,9704714427,X8E 9N2,EF7B4F81-F9E3-278A-95E0-4323BA7D20EF
367,Dawn L. Melton,30,Female,kanpur,RJ,9665559724,I0M 0Y4,4651063C-EAD0-5F96-B55A-032BC311B243
368,Kennedy A. Mcfadden,54,Male,Jaipur,TL,9790106876,H2Y 7R5,18906741-A9AD-FFFE-8754-4B90918B49C1
369,Rudyard R. Odonnell,45,Female,kanpur,RJ,9746069808,M9S 2A7,182C4C35-24C0-E0CF-824B-FA0350293DB9
370,Carlos E. Price,27,Female,Jaipur,TL,9678099451,K3U 4X2,31200A9F-1F53-B7D5-5A74-68A9DDA8409B
371,Jael L. Warner,41,Female,Hydrabad,UP,9601421931,T5J 6B0,2F197BC3-35B6-01BA-8572-586A28A89A30
372,Erich Richmond,26,Male,kanpur,GJ,9663465389,O6H 7A4,F115F2BA-8BA1-74AD-EFEC-C9493489E62F
373,Kirby Q. Livingston,27,Male,Kota,WB,9673076505,M6C 7K2,8742323F-977D-9AED-9713-1D7AF6CB56AC
374,Alisa Medina,26,Male,Chennai,TN,9713605559,G0L 0E8,4607632F-36F4-CEEA-BE47-FBF4FB667716
375,Fatima H. Solis,41,Male,kanpur,RJ,9620976831,O8S 2G0,1C4D91F5-CEFB-0D9F-D50D-6C9648A19A52
376,Echo Strong,45,Male,kanpur,RJ,9455643428,Z0C 2V7,20103078-4292-B407-AD7A-126B60ADB1A1
377,Gray B. Nieves,26,Male,kanpur,UP,9530211984,J4P 1C2,9CFBC85B-C487-B720-5A84-D7D75BC8F0D2
378,Caesar P. Gillespie,49,Male,Chennai,RJ,9659743823,N5O 5Q8,427E02CD-EBBB-46E7-E81B-C62A281722DB
379,Armand W. Oneal,34,Male,Chennai,WB,9400852514,X4S 6Y0,8FF163D1-C0BC-B4E8-196A-21570AD6C99F
380,Hu Sims,34,Male,Surat,TL,9548820890,G8B 9W8,98A94250-DF15-E6EE-D30C-881D947E33D8
381,Tad K. Blankenship,34,Female,Kota,UP,9534634738,Y3Z 5Q1,749660D0-05CC-8D2D-01D0-458729D512CA
382,Victor O. Hutchinson,51,Male,Surat,RJ,9719861427,W8U 7J2,E24503E9-FFE3-D266-006C-7CDC53A84669
383,Finn X. Serrano,52,Female,Kota,GJ,9820733407,B4U 3B1,1B42A509-BADA-2CD1-5133-0C46F52D6A46
384,Clayton N. Burton,32,Female,Kolkata,TN,9490154529,J3X 0V2,DA918006-6581-43BD-7867-7E2F0082E6D4
385,Nina P. Holman,35,Male,Chennai,TN,9600437740,X0J 0V1,D6D5E229-886C-EF87-17C3-D656F9F1BC75
386,Aubrey H. Hensley,43,Male,Hydrabad,UP,9511458669,O2E 3X8,5F1AC7AD-EBCA-DF75-A570-E3BA1C88E32C
387,Nasim C. Emerson,27,Female,Kolkata,UP,9735095575,U8K 1K7,FE7897E4-8591-94D2-3003-E5BF245F797B
388,Henry W. Snow,41,Female,Hydrabad,TN,9690619981,R4V 6F1,444856AB-C7F7-B2F9-67E5-3F455B800BA7
389,Owen Graves,49,Female,kanpur,GJ,9553536256,S8Z 7W0,4BCC6C55-D77E-19DF-9BBC-CAAC54DF70FC
390,Regina X. Moses,56,Female,Hydrabad,TL,9493789571,J4U 2S8,2D7876D3-1B9A-4B50-D701-AA4FFC609E46
391,Neve Flynn,32,Female,kanpur,GJ,9688685062,Q9H 0V7,DA1E1B13-450B-92DE-DF93-8013FAA4E4DA
392,Stewart S. Holland,42,Female,Surat,TL,9684831798,I0R 2N5,48B49D6E-14EA-2656-93C4-FC2E3AA6A59C
393,Lucas Z. Cote,41,Male,Kota,TN,9629199816,D5A 9Z0,EA50EEFE-BC49-EEA4-52B5-CBC6184B8B76
394,Wyoming Mckay,60,Male,kanpur,RJ,9668682836,K9S 5I3,5347FF8D-8154-674E-2381-B525E2CFCEBD
395,Rowan Cervantes,34,Male,Kota,WB,9639384905,G4J 8J5,31E84B76-B57C-C6BA-AF40-9C35EAD09051
396,Barrett C. Manning,25,Male,Delhi,TL,9612544396,Z1G 8D7,9B972ACA-B78D-DE1E-D6F3-8B6118D5D672
397,Claire C. Moreno,47,Male,kanpur,UP,9414494636,K5Z 4Z8,D9D77194-678A-DE52-1875-DE168242D54A
398,Allegra Fischer,50,Male,Chennai,UP,9439431852,X6W 8I2,943E7003-5C90-DE30-BB68-5224E6270E15
399,Leilani B. Dawson,40,Male,Surat,TL,9441219214,Q1N 4F1,E0C104EA-6363-375A-B99D-28F7948AF9C4
400,Veronica R. Mueller,52,Male,Chennai,RJ,9544253804,D8D 8D0,D7581156-7644-B489-FD05-7675C1C51D71
401,Aileen G. Barron,45,Male,Kolkata,RJ,9796160890,E6W 5C4,277D5120-96B3-DFAF-9211-97742F11FC37
402,Ariel Griffin,37,Male,Kota,RJ,9589265025,H7C 2P1,50C12D9D-DC0F-3752-EC2A-E85E4CAEEC87
403,Caesar A. Dillard,26,Male,Surat,TN,9421639816,H3P 1W1,B4A3F47B-E779-A552-5D01-DBCB0DC262B7
404,Reed Mckay,29,Male,Delhi,UP,9514072355,B3R 0H3,9034C78A-A836-4BA1-E24F-6984F9E8E51F
405,Tiger Greene,26,Male,Kota,TN,9447949461,K7H 6U0,33284922-9A93-AF1A-AE69-217630475E4C
406,Malik Emerson,43,Male,Chennai,RJ,9407036089,L2N 4E3,F1115572-349A-BE5D-7EF3-654AD11D3C64
407,Uriel E. Wade,46,Male,Delhi,RJ,9616422094,W0Y 9V8,4A4EB92B-18A7-F229-D415-BD6C2A9186C3
408,Beau R. Griffin,60,Female,Kota,UP,9539760966,J7K 5X8,7F356077-EE7C-107F-5E15-4A86EC81E424
409,Hasad Myers,55,Male,Jaipur,GJ,9367057200,P6D 2T9,9CAEAD80-3575-1EC0-DD7F-B99E2CE8D282
410,Chaney P. Brady,43,Male,Hydrabad,TL,9615139338,T4O 6R4,380813B3-7229-7871-E8A0-FFACAE6C32BC
411,Ingrid Y. Luna,45,Female,Jaipur,GJ,9492828138,X2D 6X9,6210D592-055F-FBE4-A8C9-895F3C1FA7BD
412,Basil Hart,45,Female,Chennai,WB,9596803963,I3M 1A8,EC152353-3B1B-A9DF-05A7-E4D10DB18375
413,Daryl D. Moss,43,Female,Delhi,TL,9572683951,A8F 0R1,D4E3FAF8-5428-77E0-66E8-78BFE798D4E7
414,Flynn Singleton,46,Male,Jaipur,GJ,9516054852,W2X 0V1,0AE3540D-FCE3-26C9-D2E2-0FFAF17C6CA4
415,Chandler Bartlett,35,Male,Jaipur,UP,9485392026,I8Y 7Z0,68A98805-FF79-E300-94BA-EB6BE49EF242
416,Mallory Morris,55,Male,Surat,TL,9420495621,K7H 5K3,CAF3BE8C-E064-30E2-5AE6-D76B1F13AED1
417,Cameron Perkins,51,Female,Hydrabad,WB,9489463445,G9J 2Y4,8E6D8B08-2FE3-8A15-4F8F-DFECCF01E1E2
418,Fiona C. Black,50,Male,Chennai,TL,9561206511,K3B 8B4,2963ACF0-2302-89CC-78C8-BAEF88EB4218
419,Amity Conrad,30,Female,Kota,RJ,9523766089,M8R 8J6,45AD725D-5F4B-2EBD-DF0D-C88CAF27EADC
420,Randall P. Watson,34,Male,Surat,WB,9431636398,W9V 3B5,CC378060-588E-7C21-5214-9460843372A5
421,Gavin E. Carey,34,Female,Kota,RJ,9561346746,E8J 4V3,F82DD5BB-F414-00EF-B3EF-A01356678B02
422,Jessamine Z. Kelley,25,Female,Chennai,RJ,9546854295,N5P 9U6,FB6F38EC-BB29-F9BA-75DD-3F025A4D4A5E
423,Jarrod Noel,38,Female,Chennai,TL,9535899917,R4Z 1Z4,ED3CB0B4-3DF8-3B2C-4BA3-F6FC4C9FE83D
424,Tanek Byers,38,Male,Kolkata,GJ,9466264707,N7F 2H6,2B086008-D263-3D71-6D5C-170EAD5AEE06
425,Quincy Boone,38,Male,Delhi,TN,9579918179,E6L 5L4,52E16456-16DF-A49C-6AD2-9AA49CD4EE8E
426,Quinlan J. Wilkerson,60,Female,Jaipur,RJ,9522676494,H3A 1C4,D62CC1CD-92AB-6008-2213-DBB539D7B1D7
427,Macon M. Bright,46,Female,Surat,TN,9451909354,W6M 3P2,33DE6BD8-D031-622A-B7F6-C5969B9D5322
428,Brielle Allen,60,Male,Kota,WB,9562886531,B8S 7F5,7B8C2BB1-E1B6-1E3B-A82E-31AC73081799
429,Xyla M. James,38,Male,Chennai,TN,9488795892,U6L 7Y5,BFCAD4EC-94E5-AE90-B9FC-DE74DF5635B2
430,Ross A. York,59,Male,Jaipur,TL,9573220995,I7K 6P7,080F8DB8-DC1F-5656-235C-7C217DD6AB71
431,Amir Howe,51,Male,Delhi,TN,9660560298,B2V 9Q3,9FACC114-925A-ADA2-C8FB-1B66778930D8
432,Aphrodite Gallagher,46,Female,Delhi,RJ,9580802066,Q1Q 2C0,B334FFBF-3402-3463-8FA0-8B287EE19460
433,Blossom C. Middleton,39,Female,Kota,TL,9628171455,T0E 1B1,DCDAB26B-A9BC-1B35-2910-81AA5BF5F126
434,Hope G. Bruce,46,Female,Kota,WB,9426658519,U8G 9J9,9653F5F1-6257-CEF5-06C7-BC6E9BAD5C52
435,Lee I. Carney,56,Female,kanpur,RJ,9571693853,N2B 8S3,4B27A23B-F824-E274-E090-ACE63FCAB5A8
436,Isabella P. Osborne,59,Male,Kolkata,TL,9560016481,Z4T 6U1,5FCB0BBA-42A7-E4BA-933A-FF9EAB6EED5C
437,Kamal Cote,25,Female,kanpur,RJ,9659920724,A4X 8D4,063CEB0B-9585-B088-8212-E7905B0ECFBB
438,Adara J. Walsh,60,Male,Surat,RJ,9607883245,P3X 5M1,361A13FD-9761-0BF1-744C-7B18664C401D
439,Rosalyn Little,52,Female,kanpur,WB,9761128771,B1A 9C2,F7CA7011-DB73-67B6-431F-6A14167C92E0
440,Aline Washington,55,Male,Jaipur,TL,9680481543,H9B 4W5,4490438F-B8AC-0648-31D4-CFFE3B35E278
441,Tashya G. Fisher,57,Female,Hydrabad,RJ,9740424741,I9C 2A8,F28F0A81-90AF-F777-E577-58B250C7C42D
442,Althea G. Williamson,38,Male,Surat,RJ,9578283958,I8R 1F4,152C9E20-1B86-5032-1A65-CA9FF6B42F6D
443,Alexis U. Richard,37,Male,Delhi,WB,9559620459,N4T 4O5,C11C1427-D73E-5638-1B55-6A655D482490
444,Stephen Andrews,31,Female,Kolkata,TL,9561341436,W7O 8E3,F4B6E89B-C528-4F62-052A-DFA578B8140F
445,Kaye S. Campos,52,Female,Hydrabad,WB,9678140444,V3L 2C7,5B29B41E-D2EB-64E6-A1AB-50BFC02312C4
446,Naomi C. Ayers,53,Male,Kolkata,RJ,9364717667,K6A 6N7,0B4DF0CF-BE5C-982D-42AC-7AA4DC4CC3DD
447,Elvis Mcneil,48,Male,Chennai,UP,9324012710,W4B 4Q1,84638A4B-1F6C-C8F8-E9A7-DC53D2234833
448,Chiquita V. Ashley,56,Male,Kota,WB,9521863968,M2H 2T5,E60292B5-D635-25EC-FA08-FC5EB7939FFE
449,Shaine P. Terry,42,Male,Kolkata,RJ,9638268264,E1W 7X0,7A092385-CB26-4F46-B3D8-677F40520960
450,Knox Cote,43,Female,Surat,TN,9519253587,G6V 4A2,39C8C738-46E4-0D48-6492-4D8C1657A2C6
451,Kaye Gillespie,52,Male,Jaipur,TL,9531397105,B5J 9F4,8E8B64B9-EA94-3C15-B812-4A203EEFAD98
452,Drake A. Fletcher,49,Female,Jaipur,UP,9474110746,Z0R 6Z2,F1289BD4-E753-0579-0220-39BBFB4AC098
453,Joan R. Donaldson,26,Male,Jaipur,UP,9689796846,U5B 3X6,BEDDC75E-0782-DD54-2516-79BDDFA46EF1
454,Dolan W. Hopper,33,Male,kanpur,TL,9729662898,H1G 4P9,69230CFE-846B-60FF-CAC4-3AB8541F52D9
455,Thor Whitfield,55,Male,Surat,WB,9395127891,Q2W 9D7,173A3E7B-B223-ED51-12D3-EC4ABA38D57A
456,Leslie Tate,30,Male,kanpur,UP,9670162076,N2Q 7K8,A2D7C1EF-231A-76FA-F2A0-3F78B38F70AB
457,Ali Hayden,58,Male,Hydrabad,UP,9510231383,G1G 9A7,D0B054EC-2C63-2089-DCA3-5A68C887D8BA
458,Basia K. Mcdaniel,47,Female,Jaipur,TL,9748225066,D7E 3B4,9E476F99-E632-BB4E-EDB7-D95F31CA618A
459,Palmer D. Hensley,36,Male,Surat,WB,9604781135,D9U 3W3,8F8D08CB-48A3-1B61-85E4-29AFFEFDFD77
460,Leo J. Barker,26,Female,Surat,TL,9491230370,H8N 2Y0,0C61ADA0-DC53-CA63-FABA-1D47776B70A6
461,Beatrice Callahan,48,Male,Kota,UP,9581022899,R1D 9H5,9B0220AC-E863-407D-3EF6-10AB2FE775C1
462,Scarlett Pacheco,39,Female,Kolkata,TL,9486168152,A3S 8N2,9D3835C0-64A4-445B-A357-D181262FC61D
463,Tanya A. Warner,55,Male,Kolkata,TN,9710479243,R3J 8U9,E5915494-C7BB-1AE6-EFFE-FE0CA2383F0E
464,Isaiah I. Middleton,44,Female,Kota,RJ,9620763391,T7S 2K4,06F28167-4587-3678-DD96-1A13784BE5B6
465,Britanney Raymond,60,Female,Jaipur,RJ,9543301636,T8E 0N7,EFCF3F41-3FD3-F436-D5A2-00A1A3F0A5DF
466,Jeanette C. Pugh,48,Male,Delhi,TL,9609109041,H8G 0F5,9D4D0F39-C66B-1995-C5D3-62C2D49C5A39
467,Odette Zimmerman,56,Female,Surat,TN,9504752278,E5T 9C0,3919B625-422F-88B3-F352-2D6145FBDA9B
468,Oren Griffith,56,Male,Hydrabad,GJ,9459126021,U5A 9E4,918EF9D4-CD17-2D03-CD4A-2E97C4389E1D
469,Kyra T. Freeman,40,Male,Delhi,TN,9722137320,J7W 5C4,772CE8AC-75F2-B3B4-C294-D2C4C8A4E4F9
470,Cara D. Fischer,43,Female,Hydrabad,GJ,9518231139,S7S 8M3,56E901FC-1EA4-E801-1383-5D58EEBC3AC5
471,Macey Silva,60,Male,kanpur,TL,9463123163,Y7L 7N9,90FB1F71-D6C5-1F34-C723-EA7332324521
472,Ralph E. Gomez,28,Female,Surat,TN,9618404568,K6V 1I0,D94870B0-2BD8-6CE9-5B75-D3A86FD65F0E
473,Dai Lambert,50,Female,Surat,GJ,9716937818,P3A 3I3,A6D016AD-C998-C591-C4C5-44119D741B5D
474,Anne D. Finley,45,Male,Kota,GJ,9456970338,D0A 3H0,E25A59C1-64CE-D558-0C04-B6EEE89EC5F5
475,Madeline Keith,33,Female,Kota,GJ,9552095088,X2D 3G6,1ABE5D66-CD00-59FD-9835-48C26D9AC997
476,Zephr Sullivan,59,Male,Surat,RJ,9724203511,K1I 0L8,7F4E6CF5-2BBC-A6D8-8D04-4267C15E8F7D
477,Eugenia Barber,39,Female,Jaipur,TL,9590901760,D0Q 9J8,A7350706-30B8-AAF2-8598-F58258597279
478,Carlos D. Lee,44,Male,Surat,UP,9525791891,W7U 9U3,CA997AAA-DA8F-3C33-1209-624BC2F45FC5
479,Damian V. Jefferson,42,Male,Jaipur,UP,9579691496,L6T 3S2,2BFD31C4-6C56-4474-20C4-182389B3B764
480,Laith X. Burks,28,Male,Kolkata,RJ,9612168210,D3Q 1N1,B608B512-2D59-83F4-3B38-5C498A5A86A1
481,Preston G. Cortez,40,Male,Kolkata,TN,9487489837,K0H 1V0,50203B58-8F84-B490-6B58-1929D530BF81
482,Wallace Y. Klein,59,Female,Hydrabad,RJ,9604492396,J1B 7A3,0D5930E2-B71A-4E32-4845-16C0B45E5B32
483,Cameron Holcomb,49,Female,Jaipur,UP,9522796910,G1V 8P4,51826D99-487E-6607-C2D8-B71F93F7EA2A
484,Kuame G. Stout,45,Male,Kota,TL,9484976181,K4M 2Y5,A5CF37F6-ED9F-BDFA-A6EB-6468489A0228
485,Len Santos,32,Female,Delhi,TN,9416272236,B2G 3J4,42F809C7-E31C-A8ED-FA8E-1568120E772B
486,Leila Thornton,58,Female,Surat,GJ,9573664331,Q4K 0Z9,297DF44B-9B18-8CEB-2627-C7FE799BBB1E
487,Fuller Burns,49,Female,Surat,UP,9547778662,I5V 7X5,DECED917-12EA-CA1D-E66E-0BBF78DF5FF2
488,Cathleen Case,39,Female,Hydrabad,TL,9639803351,O4H 7O9,C69044C6-AF95-B8DD-7B92-E90A586DE330
489,Cyrus Conway,57,Female,kanpur,WB,9581562274,C1H 0P0,7F29AEC5-8C6B-2880-4379-384631F0FD7F
490,Regina Roach,41,Male,Chennai,UP,9317172891,Z2L 8X3,BA9946DA-A6E8-D5CE-DDA7-C62E972F71B9
491,Barbara V. Duran,57,Male,Jaipur,TL,9490657505,Z1T 8T5,82D1267D-3D3D-0C52-D6DF-3C71D0A67359
492,Daniel H. Little,33,Male,Hydrabad,WB,9763297356,D3A 7M7,2ED6B53A-5D6C-05E0-86D9-90429447CCE7
493,Scarlett Malone,33,Female,Delhi,RJ,9648285886,L6U 3W6,47D36F70-91B8-FF38-AD78-0FFB43E843E8
494,Kyra Talley,36,Male,Delhi,UP,9296435947,K1S 7V4,F34AB2A0-6350-84C1-3323-9ABD7A5096B7
495,Allistair T. Williamson,37,Female,kanpur,TN,9536125633,T8C 4K7,82114223-E56B-BDD5-F631-34D352248432
496,Nicholas T. Morrow,39,Female,Jaipur,GJ,9532372730,S9S 6E3,26F34EE8-D8C3-C5AC-C0DA-265069A36481
497,Camden F. Walsh,26,Female,Chennai,TN,9593959423,A7V 2L6,5458FD64-AFEE-E701-9E38-3450D8372840
498,Danielle Bass,51,Female,Kota,WB,9654353339,C1Z 0R8,504FB5BE-C641-1314-FEC5-15E39B98BC31
499,George Santana,57,Male,Delhi,TN,9482907014,A4E 6G5,63CAD4A2-4391-A0B4-6222-45B2DA7E6E5A
500,Ariana Moreno,37,Female,Surat,RJ,9484055099,P7N 1T6,71A3EEB3-E92A-0DD5-C700-5F22256438EA