1,Ezekiel P. Charles,36,Female,delhi
2,Brenden Y. Elliott,29,Female,chennai
3,Quinlan Q. Bass,30,Female,surat
4,Zorita Greene,27,Male,surat
5,Scarlett F. Hutchinson,35,Male,kolkata
6,Richard Lancaster,32,Male,kanpur
7,Ursula Moore,38,Male,delhi
8,Halee Romero,35,Male,jaipur
9,Colby E. Macdonald,40,Male,kota
10,Kaye Vazquez,25,Female,kota
11,Heidi U. King,36,Male,kanpur
12,Armando Y. Guzman,27,Male,chennai
13,Jin Young,28,Male,delhi
14,Marsden T. Mack,41,Male,kanpur
15,Yael Rivas,32,Female,chennai
16,Wesley Potts,25,Male,kanpur
17,Gary Arnold,35,Male,jaipur
18,Nomlanga Y. Gray,27,Male,delhi
19,Renee Dennis,28,Female,kota
20,Karen T. Frederick,25,Male,delhi
21,Quynn W. Benton,40,Male,surat
22,Gage R. Ashley,32,Female,chennai
23,Micah Fry,33,Male,jaipur
24,Fallon U. Sawyer,27,Male,kota
25,Glenna Head,32,Female,jaipur
26,Driscoll Horne,42,Male,delhi
27,Akeem Franco,42,Male,kanpur
28,Murphy H. Gregory,30,Male,surat
29,Dillon Silva,30,Female,kanpur
30,Vincent Hernandez,30,Female,hydrabad
31,Neil U. Guy,40,Female,hydrabad
32,Yvonne F. Figueroa,45,Female,jaipur
33,Mark H. Best,35,Male,hydrabad
34,Lila Hicks,36,Female,kanpur
35,Amity U. Mooney,28,Male,jaipur
36,Clio B. Castaneda,39,Female,kolkata
37,Kuame Hardy,28,Female,jaipur
38,Avram Q. Wagner,24,Female,hydrabad
39,Cole V. Lara,24,Female,hydrabad
40,Kadeem Boyd,25,Male,jaipur
41,Ezekiel Z. Gibson,26,Male,hydrabad
42,Harding Cardenas,31,Female,chennai
43,Odessa Allison,35,Male,kota
44,Winifred H. Hale,42,Male,kanpur
45,Mallory Lara,30,Female,kolkata
46,Prescott F. Jacobs,27,Female,kota
47,Hayden B. Hanson,35,Female,kota
48,Courtney William,36,Female,kota
49,Murphy Kent,28,Female,chennai
50,Charissa Dawson,27,Male,chennai